[{"pos_x": 30.48, "pos_y": -68.58, "rotation": 0.0, "side": "top", "designator": "U1", "mpn": null, "pack": "VSSOP-10_3x3mm_P0.5mm", "value": "INA226", "mount_type": "smt"}, {"pos_x": 50.8, "pos_y": -7.62, "rotation": 0.0, "side": "top", "designator": "U1", "mpn": null, "pack": "VSSOP-10_3x3mm_P0.5mm", "value": "INA226", "mount_type": "smt"}, {"pos_x": 10.16, "pos_y": -53.34, "rotation": 0.0, "side": "top", "designator": "U1", "mpn": null, "pack": "VSSOP-10_3x3mm_P0.5mm", "value": "INA226", "mount_type": "smt"}, {"pos_x": 71.12, "pos_y": -53.34, "rotation": 0.0, "side": "top", "designator": "U1", "mpn": null, "pack": "VSSOP-10_3x3mm_P0.5mm", "value": "INA226", "mount_type": "smt"}, {"pos_x": 50.8, "pos_y": -68.58, "rotation": 0.0, "side": "top", "designator": "U1", "mpn": null, "pack": "VSSOP-10_3x3mm_P0.5mm", "value": "INA226", "mount_type": "smt"}, {"pos_x": 30.48, "pos_y": -7.62, "rotation": 0.0, "side": "top", "designator": "U1", "mpn": null, "pack": "VSSOP-10_3x3mm_P0.5mm", "value": "INA226", "mount_type": "smt"}, {"pos_x": 50.8, "pos_y": -53.34, "rotation": 0.0, "side": "top", "designator": "U1", "mpn": null, "pack": "VSSOP-10_3x3mm_P0.5mm", "value": "INA226", "mount_type": "smt"}, {"pos_x": 10.16, "pos_y": -22.86, "rotation": 0.0, "side": "top", "designator": "U1", "mpn": null, "pack": "VSSOP-10_3x3mm_P0.5mm", "value": "INA226", "mount_type": "smt"}, {"pos_x": 10.16, "pos_y": -7.62, "rotation": 0.0, "side": "top", "designator": "U1", "mpn": null, "pack": "VSSOP-10_3x3mm_P0.5mm", "value": "INA226", "mount_type": "smt"}, {"pos_x": 71.12, "pos_y": -22.86, "rotation": 0.0, "side": "top", "designator": "U1", "mpn": null, "pack": "VSSOP-10_3x3mm_P0.5mm", "value": "INA226", "mount_type": "smt"}, {"pos_x": 50.8, "pos_y": -22.86, "rotation": 0.0, "side": "top", "designator": "U1", "mpn": null, "pack": "VSSOP-10_3x3mm_P0.5mm", "value": "INA226", "mount_type": "smt"}, {"pos_x": 71.12, "pos_y": -7.62, "rotation": 0.0, "side": "top", "designator": "U1", "mpn": null, "pack": "VSSOP-10_3x3mm_P0.5mm", "value": "INA226", "mount_type": "smt"}, {"pos_x": 50.8, "pos_y": -38.1, "rotation": 0.0, "side": "top", "designator": "U1", "mpn": null, "pack": "VSSOP-10_3x3mm_P0.5mm", "value": "INA226", "mount_type": "smt"}, {"pos_x": 30.48, "pos_y": -38.1, "rotation": 0.0, "side": "top", "designator": "U1", "mpn": null, "pack": "VSSOP-10_3x3mm_P0.5mm", "value": "INA226", "mount_type": "smt"}, {"pos_x": 30.48, "pos_y": -22.86, "rotation": 0.0, "side": "top", "designator": "U1", "mpn": null, "pack": "VSSOP-10_3x3mm_P0.5mm", "value": "INA226", "mount_type": "smt"}, {"pos_x": 71.12, "pos_y": -68.58, "rotation": 0.0, "side": "top", "designator": "U1", "mpn": null, "pack": "VSSOP-10_3x3mm_P0.5mm", "value": "INA226", "mount_type": "smt"}, {"pos_x": 10.16, "pos_y": -68.58, "rotation": 0.0, "side": "top", "designator": "U1", "mpn": null, "pack": "VSSOP-10_3x3mm_P0.5mm", "value": "INA226", "mount_type": "smt"}, {"pos_x": 71.12, "pos_y": -38.1, "rotation": 0.0, "side": "top", "designator": "U1", "mpn": null, "pack": "VSSOP-10_3x3mm_P0.5mm", "value": "INA226", "mount_type": "smt"}, {"pos_x": 30.48, "pos_y": -53.34, "rotation": 0.0, "side": "top", "designator": "U1", "mpn": null, "pack": "VSSOP-10_3x3mm_P0.5mm", "value": "INA226", "mount_type": "smt"}, {"pos_x": 10.16, "pos_y": -38.1, "rotation": 0.0, "side": "top", "designator": "U1", "mpn": null, "pack": "VSSOP-10_3x3mm_P0.5mm", "value": "INA226", "mount_type": "smt"}, {"pos_x": 2.54, "pos_y": -48.26, "rotation": 180.0, "side": "bottom", "designator": "J1", "mpn": null, "pack": "PinHeader_1x05_P2.54mm_Vertical", "value": "Conn_01x05_Male", "mount_type": "tht"}, {"pos_x": 58.42, "pos_y": -73.66, "rotation": 0.0, "side": "bottom", "designator": "J2", "mpn": null, "pack": "PinHeader_1x05_P2.54mm_Vertical", "value": "Conn_01x05_Male", "mount_type": "tht"}, {"pos_x": 2.54, "pos_y": -33.02, "rotation": 180.0, "side": "bottom", "designator": "J1", "mpn": null, "pack": "PinHeader_1x05_P2.54mm_Vertical", "value": "Conn_01x05_Male", "mount_type": "tht"}, {"pos_x": 58.42, "pos_y": -27.94, "rotation": 0.0, "side": "bottom", "designator": "J2", "mpn": null, "pack": "PinHeader_1x05_P2.54mm_Vertical", "value": "Conn_01x05_Male", "mount_type": "tht"}, {"pos_x": 43.18, "pos_y": -2.54, "rotation": 180.0, "side": "bottom", "designator": "J1", "mpn": null, "pack": "PinHeader_1x05_P2.54mm_Vertical", "value": "Conn_01x05_Male", "mount_type": "tht"}, {"pos_x": 43.18, "pos_y": -17.78, "rotation": 180.0, "side": "bottom", "designator": "J1", "mpn": null, "pack": "PinHeader_1x05_P2.54mm_Vertical", "value": "Conn_01x05_Male", "mount_type": "tht"}, {"pos_x": 38.1, "pos_y": -73.66, "rotation": 0.0, "side": "bottom", "designator": "J2", "mpn": null, "pack": "PinHeader_1x05_P2.54mm_Vertical", "value": "Conn_01x05_Male", "mount_type": "tht"}, {"pos_x": 78.74, "pos_y": -73.66, "rotation": 0.0, "side": "bottom", "designator": "J2", "mpn": null, "pack": "PinHeader_1x05_P2.54mm_Vertical", "value": "Conn_01x05_Male", "mount_type": "tht"}, {"pos_x": 43.18, "pos_y": -33.02, "rotation": 180.0, "side": "bottom", "designator": "J1", "mpn": null, "pack": "PinHeader_1x05_P2.54mm_Vertical", "value": "Conn_01x05_Male", "mount_type": "tht"}, {"pos_x": 22.86, "pos_y": -48.26, "rotation": 180.0, "side": "bottom", "designator": "J1", "mpn": null, "pack": "PinHeader_1x05_P2.54mm_Vertical", "value": "Conn_01x05_Male", "mount_type": "tht"}, {"pos_x": 22.86, "pos_y": -33.02, "rotation": 180.0, "side": "bottom", "designator": "J1", "mpn": null, "pack": "PinHeader_1x05_P2.54mm_Vertical", "value": "Conn_01x05_Male", "mount_type": "tht"}, {"pos_x": 17.78, "pos_y": -43.18, "rotation": 0.0, "side": "bottom", "designator": "J2", "mpn": null, "pack": "PinHeader_1x05_P2.54mm_Vertical", "value": "Conn_01x05_Male", "mount_type": "tht"}, {"pos_x": 38.1, "pos_y": -43.18, "rotation": 0.0, "side": "bottom", "designator": "J2", "mpn": null, "pack": "PinHeader_1x05_P2.54mm_Vertical", "value": "Conn_01x05_Male", "mount_type": "tht"}, {"pos_x": 17.78, "pos_y": -73.66, "rotation": 0.0, "side": "bottom", "designator": "J2", "mpn": null, "pack": "PinHeader_1x05_P2.54mm_Vertical", "value": "Conn_01x05_Male", "mount_type": "tht"}, {"pos_x": 78.74, "pos_y": -43.18, "rotation": 0.0, "side": "bottom", "designator": "J2", "mpn": null, "pack": "PinHeader_1x05_P2.54mm_Vertical", "value": "Conn_01x05_Male", "mount_type": "tht"}, {"pos_x": 63.5, "pos_y": -33.02, "rotation": 180.0, "side": "bottom", "designator": "J1", "mpn": null, "pack": "PinHeader_1x05_P2.54mm_Vertical", "value": "Conn_01x05_Male", "mount_type": "tht"}, {"pos_x": 78.74, "pos_y": -12.7, "rotation": 0.0, "side": "bottom", "designator": "J2", "mpn": null, "pack": "PinHeader_1x05_P2.54mm_Vertical", "value": "Conn_01x05_Male", "mount_type": "tht"}, {"pos_x": 2.54, "pos_y": -63.5, "rotation": 180.0, "side": "bottom", "designator": "J1", "mpn": null, "pack": "PinHeader_1x05_P2.54mm_Vertical", "value": "Conn_01x05_Male", "mount_type": "tht"}, {"pos_x": 22.86, "pos_y": -17.78, "rotation": 180.0, "side": "bottom", "designator": "J1", "mpn": null, "pack": "PinHeader_1x05_P2.54mm_Vertical", "value": "Conn_01x05_Male", "mount_type": "tht"}, {"pos_x": 17.78, "pos_y": -27.94, "rotation": 0.0, "side": "bottom", "designator": "J2", "mpn": null, "pack": "PinHeader_1x05_P2.54mm_Vertical", "value": "Conn_01x05_Male", "mount_type": "tht"}, {"pos_x": 43.18, "pos_y": -48.26, "rotation": 180.0, "side": "bottom", "designator": "J1", "mpn": null, "pack": "PinHeader_1x05_P2.54mm_Vertical", "value": "Conn_01x05_Male", "mount_type": "tht"}, {"pos_x": 63.5, "pos_y": -63.5, "rotation": 180.0, "side": "bottom", "designator": "J1", "mpn": null, "pack": "PinHeader_1x05_P2.54mm_Vertical", "value": "Conn_01x05_Male", "mount_type": "tht"}, {"pos_x": 78.74, "pos_y": -27.94, "rotation": 0.0, "side": "bottom", "designator": "J2", "mpn": null, "pack": "PinHeader_1x05_P2.54mm_Vertical", "value": "Conn_01x05_Male", "mount_type": "tht"}, {"pos_x": 38.1, "pos_y": -58.42, "rotation": 0.0, "side": "bottom", "designator": "J2", "mpn": null, "pack": "PinHeader_1x05_P2.54mm_Vertical", "value": "Conn_01x05_Male", "mount_type": "tht"}, {"pos_x": 63.5, "pos_y": -48.26, "rotation": 180.0, "side": "bottom", "designator": "J1", "mpn": null, "pack": "PinHeader_1x05_P2.54mm_Vertical", "value": "Conn_01x05_Male", "mount_type": "tht"}, {"pos_x": 2.54, "pos_y": -17.78, "rotation": 180.0, "side": "bottom", "designator": "J1", "mpn": null, "pack": "PinHeader_1x05_P2.54mm_Vertical", "value": "Conn_01x05_Male", "mount_type": "tht"}, {"pos_x": 78.74, "pos_y": -58.42, "rotation": 0.0, "side": "bottom", "designator": "J2", "mpn": null, "pack": "PinHeader_1x05_P2.54mm_Vertical", "value": "Conn_01x05_Male", "mount_type": "tht"}, {"pos_x": 58.42, "pos_y": -12.7, "rotation": 0.0, "side": "bottom", "designator": "J2", "mpn": null, "pack": "PinHeader_1x05_P2.54mm_Vertical", "value": "Conn_01x05_Male", "mount_type": "tht"}, {"pos_x": 58.42, "pos_y": -43.18, "rotation": 0.0, "side": "bottom", "designator": "J2", "mpn": null, "pack": "PinHeader_1x05_P2.54mm_Vertical", "value": "Conn_01x05_Male", "mount_type": "tht"}, {"pos_x": 22.86, "pos_y": -63.5, "rotation": 180.0, "side": "bottom", "designator": "J1", "mpn": null, "pack": "PinHeader_1x05_P2.54mm_Vertical", "value": "Conn_01x05_Male", "mount_type": "tht"}, {"pos_x": 38.1, "pos_y": -27.94, "rotation": 0.0, "side": "bottom", "designator": "J2", "mpn": null, "pack": "PinHeader_1x05_P2.54mm_Vertical", "value": "Conn_01x05_Male", "mount_type": "tht"}, {"pos_x": 58.42, "pos_y": -58.42, "rotation": 0.0, "side": "bottom", "designator": "J2", "mpn": null, "pack": "PinHeader_1x05_P2.54mm_Vertical", "value": "Conn_01x05_Male", "mount_type": "tht"}, {"pos_x": 2.54, "pos_y": -2.54, "rotation": 180.0, "side": "bottom", "designator": "J1", "mpn": null, "pack": "PinHeader_1x05_P2.54mm_Vertical", "value": "Conn_01x05_Male", "mount_type": "tht"}, {"pos_x": 22.86, "pos_y": -2.54, "rotation": 180.0, "side": "bottom", "designator": "J1", "mpn": null, "pack": "PinHeader_1x05_P2.54mm_Vertical", "value": "Conn_01x05_Male", "mount_type": "tht"}, {"pos_x": 63.5, "pos_y": -17.78, "rotation": 180.0, "side": "bottom", "designator": "J1", "mpn": null, "pack": "PinHeader_1x05_P2.54mm_Vertical", "value": "Conn_01x05_Male", "mount_type": "tht"}, {"pos_x": 43.18, "pos_y": -63.5, "rotation": 180.0, "side": "bottom", "designator": "J1", "mpn": null, "pack": "PinHeader_1x05_P2.54mm_Vertical", "value": "Conn_01x05_Male", "mount_type": "tht"}, {"pos_x": 17.78, "pos_y": -58.42, "rotation": 0.0, "side": "bottom", "designator": "J2", "mpn": null, "pack": "PinHeader_1x05_P2.54mm_Vertical", "value": "Conn_01x05_Male", "mount_type": "tht"}, {"pos_x": 38.1, "pos_y": -12.7, "rotation": 0.0, "side": "bottom", "designator": "J2", "mpn": null, "pack": "PinHeader_1x05_P2.54mm_Vertical", "value": "Conn_01x05_Male", "mount_type": "tht"}, {"pos_x": 17.78, "pos_y": -12.7, "rotation": 0.0, "side": "bottom", "designator": "J2", "mpn": null, "pack": "PinHeader_1x05_P2.54mm_Vertical", "value": "Conn_01x05_Male", "mount_type": "tht"}, {"pos_x": 63.5, "pos_y": -2.54, "rotation": 180.0, "side": "bottom", "designator": "J1", "mpn": null, "pack": "PinHeader_1x05_P2.54mm_Vertical", "value": "Conn_01x05_Male", "mount_type": "tht"}]